{
  "version": 1,
  "author": "Bijoya Chowdhury",
  "editor": "wokwi",
  "parts": [
    { "type": "wokwi-arduino-uno", "id": "uno", "top": -75.33, "left": 17.34, "attrs": {} },
    { "type": "wokwi-ir-receiver", "id": "ir1", "top": 148.88, "left": -43.59, "attrs": {} },
    { "type": "wokwi-ir-remote", "id": "remote1", "top": -19.2, "left": 441.6, "attrs": {} },
    {
      "type": "wokwi-rgb-led",
      "id": "rgb1",
      "top": -264.8,
      "left": 106.7,
      "attrs": { "common": "cathode" }
    },
    {
      "type": "wokwi-resistor",
      "id": "r1",
      "top": -139.2,
      "left": 47.45,
      "rotate": 90,
      "attrs": { "value": "220" }
    },
    {
      "type": "wokwi-resistor",
      "id": "r2",
      "top": -139.2,
      "left": 153.05,
      "rotate": 90,
      "attrs": { "value": "220" }
    },
    {
      "type": "wokwi-resistor",
      "id": "r3",
      "top": -139.2,
      "left": 201.05,
      "rotate": 90,
      "attrs": { "value": "220" }
    }
  ],
  "connections": [
    [ "ir1:GND", "uno:GND.2", "black", [ "v23.32", "h193.2" ] ],
    [ "ir1:VCC", "uno:5V", "red", [ "v13.32", "h187.6" ] ],
    [ "ir1:DAT", "uno:6", "green", [ "v6.59", "h309.24", "v-330.2", "h-94.78" ] ],
    [ "rgb1:COM", "uno:GND.1", "black", [ "v0" ] ],
    [ "rgb1:R", "r1:1", "red", [ "v0" ] ],
    [ "r1:2", "uno:11", "blue", [ "h0" ] ],
    [ "rgb1:G", "r2:1", "red", [ "v0" ] ],
    [ "rgb1:B", "r3:1", "red", [ "v0", "h88" ] ],
    [ "r2:2", "uno:10", "blue", [ "h0", "v18", "h-9.6" ] ],
    [ "r3:2", "uno:9", "blue", [ "h-38.4", "v27.6", "h-9.6" ] ]
  ],
  "dependencies": {}
}